{
    "mse": 0.6498113135125487,
    "r2": 0.3507576873828384
}